ID,Accession,Country,Latitude,Longitude
88,CYR,France,47.4,0.683333
108,LDV-18,France,48.5167,-4.06667
139,LDV-46,France,48.5167,-4.06667
159,MAR2-3,France,47.35,3.93333
265,PYL-6,France,44.65,-1.16667
350,TOU-A1-88,France,46.6667,4.11667
351,TOU-A1-89,France,46.6667,4.11667
403,Zdarec3,Czech Republic,49.3667,16.2667
410,Doubravnik7,Czech Republic,49.4211,16.3497
424,Draha2,Czech Republic,49.4112,16.2815
428,Borky1,Czech Republic,49.403,16.232
430,Gr-1,Austria,47,15.5
470,BRR4,US,40.8313,-87.735
476,BRR12,US,40.8313,-87.735
484,BRR23,US,40.8313,-87.735
504,BRR57,US,40.8313,-87.735
506,BRR60,US,40.8313,-87.735
531,BRR107,US,40.8313,-87.735
544,LI-WP-039,US,40.9076,-73.2089
546,LI-WP-041,US,40.9076,-73.2089
628,LI-OF-061,US,40.7777,-72.9069
630,LI-OF-065,US,40.7777,-72.9069
680,LI-RR-096,US,40.9447,-72.8615
681,LI-RR-097,US,40.9447,-72.8615
685,LI-EF-011,US,40.9064,-73.1493
687,LI-EF-018,US,40.9064,-73.1493
728,LI-SET-019,US,40.9352,-73.114
742,LI-SET-036,US,40.9352,-73.114
763,Kar-1,Kyrgyzstan,42.3,74.3667
765,Sus-1,Kyrgyzstan,42.1833,73.4
766,Dja-1,Kyrgyzstan,42.5833,73.6333
768,Zal-1,Kyrgyzstan,42.8,76.35
772,Neo-6,Tajikistan,37.35,72.4667
801,KYC-33,US,37.9169,-84.4639
853,MIA-1,US,41.7976,-86.6691
854,MIA-5,US,41.7976,-86.6691
867,MIC-20,US,41.8266,-86.4366
868,MIC-24,US,41.8266,-86.4366
870,MIC-31,US,41.8266,-86.4366
915,LIN S-5,US,41.8972,-71.4378
932,CHA-41,US,42.3634,-71.1445
991,Ale-Stenar-41-1,Sweden,55.3833,14.05
992,Ale-Stenar-44-4,Sweden,55.3833,14.05
997,Ale-Stenar-56-14,Sweden,55.3833,14.05
1002,Ale-Stenar-64-24,Sweden,55.3833,14.05
1006,Ale-Stenar-77-31,Sweden,55.3833,14.05
1061,Brösarp-11-135,Sweden,55.7167,14.1333
1062,Brösarp-15-138,Sweden,55.7167,14.1333
1063,Brösarp-21-140,Sweden,55.7167,14.1333
1066,Brösarp-34-145,Sweden,55.7167,14.1333
1070,Brösarp-45-153,Sweden,55.7167,14.1333
1158,Aledal-6-49,Sweden,56.7,16.5167
1166,Aledal-14-73,Sweden,56.7,16.5167
1254,Tos-82-387,Sweden,59.4333,17.0167
1257,Tos-95-393,Sweden,59.4333,17.0167
1313,Ängsö-59-422,Sweden,59.5667,16.8667
1317,Ängsö-74-430,Sweden,59.5667,16.8667
1552,Sku-30,Sweden,63.0833,18.3667
1612,Brn-10,US,41.9,-86.583
1622,Brn-24,US,41.9,-86.583
1651,DuckLkSP38,US,43.3431,-86.4045
1652,DuckLkSP40,US,43.3431,-86.4045
1676,Haz-2,US,41.879,-86.607
1684,Haz-10,US,41.879,-86.607
1739,KBS-Mac-68,US,42.405,-85.398
1741,KBS-Mac-74,US,42.405,-85.398
1756,Ker-4,US,42.184,-86.358
1757,Ker-5,US,42.184,-86.358
1793,L-R-5,US,41.847,-86.67
1797,L-R-10,US,41.847,-86.67
1819,Lak-12,US,41.8,-86.67
1820,Lak-13,US,41.8,-86.67
1829,Mdn-1,US,42.051,-86.509
1834,Mdn-8,US,42.051,-86.509
1835,Mdn-10,US,42.051,-86.509
1851,MNF-Pot-10,US,43.595,-86.2657
1852,MNF-Pot-15,US,43.595,-86.2657
1853,MNF-Pot-21,US,43.595,-86.2657
1872,MNF-Pot-75,US,43.595,-86.2657
1890,MNF-Riv-21,US,43.5139,-86.1859
1925,MNF-Che-2,US,43.5251,-86.1843
1942,MNF-Che-47,US,43.5251,-86.1843
1943,MNF-Che-49,US,43.5251,-86.1843
1954,MNF-Jac-12,US,43.5187,-86.1739
2016,MNF-Pin-39,US,43.5356,-86.1788
2017,MNF-Pin-40,US,43.5356,-86.1788
2031,Map-8,US,42.166,-86.412
2053,Map-35,US,42.166,-86.412
2057,Map-42,US,42.166,-86.412
2081,MuskSP-68,US,43.2483,-86.3368
2091,MuskSP-83,US,43.2483,-86.3368
2106,MSGA-10,US,43.2749,-86.0891
2108,MSGA-12,US,43.2749,-86.0891
2141,MSGA-61,US,43.2749,-86.0891
2159,Paw-13,US,42.148,-86.431
2166,Paw-20,US,42.148,-86.431
2171,Paw-26,US,42.148,-86.431
2191,Pent-7,US,43.7623,-86.3929
2202,Pent-23,US,43.7623,-86.3929
2212,Pent-46,US,43.7623,-86.3929
2239,Riv-25,US,42.184,-86.382
2240,Riv-26,US,42.184,-86.382
2276,SLSP-31,US,43.665,-86.496
2278,SLSP-35,US,43.665,-86.496
2285,SLSP-69,US,43.665,-86.496
2286,SLSP-67,US,43.665,-86.496
2317,Ste-40,US,42.03,-86.514
2370,Yng-4,US,41.865,-86.646
2412,Yng-53,US,41.865,-86.646
4779,UKSW06-179,UK,50.4,-4.9
4807,UKSW06-207,UK,50.4,-4.9
4826,UKSW06-226,UK,50.4,-4.9
4840,UKSW06-240,UK,50.4,-4.9
4857,UKSW06-257,UK,50.3,-4.9
4884,UKSW06-285,UK,50.3,-4.9
4900,UKSW06-302,UK,50.3,-4.8
4939,UKSW06-341,UK,50.4,-4.7
4958,UKSW06-360,UK,50.5,-4.5
5023,UKSE06-118,UK,51.3,0.5
5104,UKSE06-252,UK,51.3,0.5
5151,UKSE06-325,UK,52.2,-1.7
5165,UKSE06-362,UK,51.3,0.4
5210,UKSE06-432,UK,51.2,0.3
5236,UKSE06-470,UK,51.2,0.4
5249,UKSE06-491,UK,51.2,0.3
5253,UKSE06-500,UK,51.1,0.6
5276,UKSE06-533,UK,51.3,1.1
5279,UKSE06-541,UK,51.3,1.1
5349,UKSE06-639,UK,51.1,0.4
5353,UKNW06-003,UK,54.5,-3
5395,UKNW06-102,UK,54.4,-3
5486,UKNW06-233,UK,54.6,-3.3
5577,UKNW06-403,UK,54.7,-3.4
5644,UKNW06-481,UK,54.4,-2.9
5651,UKNW06-488,UK,54.4,-2.9
5717,Bra-1,UK,54.6,-3.2
5718,UKID11,UK,57,-3.4
5720,Cal-2,UK,53.3,-1.6
5726,Cnt-1,UK,51.3,1.1
5741,For-2,UK,56.6,-4.1
5748,Kil-0,UK,56,-4.4
5757,Mc-1,UK,54.6,-2.3
5768,UKID63,UK,54.1,-1.5
5772,Set-1,UK,54.1,-2.3
5776,UKID71,UK,52.9,-1.3
5779,UKID74,UK,51,-3.1
5784,Ty-1,UK,56.4,-5.2
5798,UKID93,UK,53.1,-3.3
5800,UKID96,UK,57.4,-5.5
5811,UKID107,UK,52.9,-3.1
5822,UKID116,UK,56.7333,-5.98333
5830,App1-12,Sweden,56.3333,15.9667
5831,App1-14,Sweden,56.3333,15.9667
5832,App1-16,Sweden,56.3333,15.9667
5836,Boo2-3,Sweden,55.86,13.51
5837,Bor-1,Czech Republic,49.4013,16.2326
5856,Dör-10,Sweden,63.0167,17.4914
5860,Dra-3,Sweden,62.6814,18.0165
5865,Dra1-4,Sweden,55.76,14.12
5867,Dra2-1,Sweden,55.76,14.12
5874,DraII-6,Czech Republic,49.4112,16.2815
5890,DraIV 1-8,Czech Republic,49.4112,16.2815
5893,DraIV 1-11,Czech Republic,49.4112,16.2815
5907,DraIV 2-9,Czech Republic,49.4112,16.2815
5921,DraIV 3-7,Czech Republic,49.4112,16.2815
5950,DraIV 5-12,Czech Republic,49.4112,16.2815
5984,DraIV 6-13,Czech Republic,49.4112,16.2815
5993,DraIV 6-22,Czech Republic,49.4112,16.2815
6008,Duk,Czech Republic,49.1,16.2
6009,Eden-1,Sweden,62.877,18.177
6010,Eden-5,Sweden,62.877,18.177
6011,Eden-6,Sweden,62.877,18.177
6012,Eden-7,Sweden,62.877,18.177
6013,Eden-9,Sweden,62.877,18.177
6016,Eds-1,Sweden,62.9,18.4
6017,Eds-9,Sweden,62.9,18.4
6019,Fjä1-2,Sweden,56.06,14.29
6020,Fjä1-5,Sweden,56.06,14.29
6021,Fjä2-4,Sweden,56.06,14.29
6022,Fjä2-6,Sweden,56.06,14.29
6023,Fly2-1,Sweden,55.7509,13.3712
6024,Fly2-2,Sweden,55.7509,13.3712
6025,Gro-3,Sweden,62.6437,17.7339
6030,Grön-5,Sweden,62.806,18.1896
6034,Hov1-7,Sweden,56.1,13.74
6035,Hov1-10,Sweden,56.1,13.74
6036,Hov3-2,Sweden,56.1,13.74
6038,Hov3-5,Sweden,56.1,13.74
6039,Hovdala-2,Sweden,56.1,13.74
6040,Kni-1,Sweden,55.66,13.4
6041,Lis-3,Sweden,56.0328,14.775
6042,Lom1-1,Sweden,56.09,13.9
6043,Löv-1,Sweden,62.801,18.079
6046,Löv-5,Sweden,62.801,18.079
6064,Nyl-2,Sweden,62.9513,18.2763
6069,Nyl-7,Sweden,62.9513,18.2763
6070,Omn-1,Sweden,62.9308,18.3448
6071,Omn-5,Sweden,62.9308,18.3448
6073,ÖMö1-7,Sweden,56.1481,15.8155
6074,Ör-1,Sweden,56.4573,16.1308
6076,Rev-2,Sweden,55.6942,13.4504
6077,Rev-3,Sweden,55.6942,13.4504
6085,Sparta-1,Sweden,55.7097,13.2145
6086,Sr:3,Sweden,58.9,11.2
6087,Stu-2,Sweden,56.4666,16.1284
6088,Stu1-1,Sweden,56.4666,16.1284
6090,T1000,Sweden,55.6525,13.2197
6091,T1010,Sweden,55.6525,13.215
6092,T1020,Sweden,55.6514,13.2233
6094,T1040,Sweden,55.6494,13.2147
6095,T1050,Sweden,55.6486,13.2161
6096,T1060,Sweden,55.6472,13.2225
6097,T1070,Sweden,55.6481,13.2264
6098,T1080,Sweden,55.6561,13.2178
6099,T1090,Sweden,55.6575,13.2386
6100,T1110,Sweden,55.6,13.2
6101,T1120,Sweden,55.6,13.2
6102,T1130,Sweden,55.6,13.2
6104,T1160,Sweden,55.7,13.2
6105,T450,Sweden,55.7967,13.1211
6106,T460,Sweden,55.7931,13.1186
6107,T470,Sweden,55.7942,13.1222
6108,T480,Sweden,55.7989,13.1206
6109,T510,Sweden,55.7936,13.1233
6111,T530,Sweden,55.7989,13.1219
6112,T540,Sweden,55.7967,13.1044
6113,T550,Sweden,55.8078,13.1028
6114,T570,Sweden,55.8097,13.1342
6115,T580,Sweden,55.8,13.1367
6118,T610,Sweden,55.7,13.2
6119,T620,Sweden,55.7,13.2
6122,T670,Sweden,55.8364,13.3075
6123,T680,Sweden,55.8369,13.3033
6124,T690,Sweden,55.8378,13.3092
6125,T710,Sweden,55.8403,13.3106
6126,T720,Sweden,55.8411,13.3047
6128,T740,Sweden,55.8397,13.2881
6131,T780,Sweden,55.8369,13.3181
6132,T790,Sweden,55.8386,13.3186
6133,T800,Sweden,55.8364,13.2906
6134,T810,Sweden,55.8383,13.2906
6136,T840,Sweden,55.9336,13.5519
6137,T850,Sweden,55.9419,13.5603
6138,T860,Sweden,55.9403,13.5511
6140,T880,Sweden,55.9392,13.5539
6141,T890,Sweden,55.9414,13.5542
6142,T900,Sweden,55.9428,13.5558
6145,T930,Sweden,55.9497,13.5533
6148,T960,Sweden,55.9319,13.5508
6149,T970,Sweden,55.9281,13.5481
6150,T980,Sweden,55.9261,13.5319
6151,T990,Sweden,55.6528,13.2244
6153,TAA 03,Sweden,62.6425,17.7422
6154,TAA 04,Sweden,62.6422,17.7406
6163,TAA 14,Sweden,62.6425,17.7356
6166,TAA 17,Sweden,62.6425,17.7372
6169,TÅD 01,Sweden,62.8714,18.3447
6172,TÅD 04,Sweden,62.8717,18.3436
6173,TÅD 05,Sweden,62.8717,18.3419
6174,TÅD 06,Sweden,62.8719,18.3422
6177,TÄL 03,Sweden,62.6322,17.69
6180,TÄL 07,Sweden,62.6322,17.6906
6184,TBÖ 01,Sweden,62.8892,18.4522
6188,TDr-1,Sweden,55.7683,14.1386
6189,TDr-2,Sweden,55.7686,14.1383
6191,TDr-4,Sweden,55.7689,14.1375
6192,TDr-5,Sweden,55.7692,14.1369
6193,TDr-7,Sweden,55.7694,14.1347
6194,TDr-8,Sweden,55.7706,14.1342
6195,TDr-9,Sweden,55.7708,14.1342
6198,TDr-13,Sweden,55.7708,14.1331
6201,TDr-16,Sweden,55.7719,14.1211
6202,TDr-17,Sweden,55.7717,14.1206
6203,TDr-18,Sweden,55.7714,14.1208
6209,TEDEN 02,Sweden,62.8836,18.1842
6210,TEDEN 03,Sweden,62.8839,18.1836
6214,TFÄ 04,Sweden,63.0175,18.3281
6216,TFÄ 06,Sweden,63.0167,18.3283
6217,TFÄ 07,Sweden,63.0169,18.3283
6218,TFÄ 08,Sweden,63.0172,18.3283
6220,TGR 01,Sweden,62.806,18.1896
6221,TGR 02,Sweden,62.806,18.1896
6231,TNY 04,Sweden,62.96,18.2844
6235,TOM 01,Sweden,62.9611,18.3589
6237,TOM 03,Sweden,62.9619,18.35
6238,TOM 04,Sweden,62.9619,18.35
6240,TOM 06,Sweden,62.9622,18.35
6241,TOM 07,Sweden,62.9614,18.3608
6242,Tomegap-2,Sweden,55.7,13.2
6243,Tottarp-2,Sweden,56.27373,13.90045
6244,TRÄ 01,Sweden,62.9169,18.4728
6252,TV-4,Sweden,55.5796,14.3336
6255,TV-7,Sweden,55.5796,14.334
6258,TV-10,Sweden,55.5796,14.3336
6268,TV-22,Sweden,55.5796,14.3336
6276,TV-30,Sweden,55.5796,14.3336
6284,TV-38,Sweden,55.5796,14.3336
6296,UduI 1-11,Czech Republic,49.2771,16.6314
6390,UduI 3-36,Czech Republic,49.2771,16.6314
6396,UduI 4-9,Czech Republic,49.2771,16.6314
6413,Ull3-4,Sweden,56.06,13.97
6424,ZdrI 1-23,Czech Republic,49.3853,16.2544
6434,ZdrI 2-9,Czech Republic,49.3853,16.2544
6445,ZdrI 2-21,Czech Republic,49.3853,16.2544
6680,ANH-1,GER,51.85,6.4333
6739,CSHL-15,US,40.8585,-73.4675
6740,CSHL-17,US,40.8585,-73.4675
6744,CSHL-5,US,40.8585,-73.4675
6749,FM-10,US,42.4489,-76.5072
6750,FM-11,US,42.4489,-76.5072
6805,HS-12,US,42.373,-71.0627
6806,HS-17,US,42.373,-71.0627
6814,KNO-15,US,41.2816,-86.621
6830,Kz-13,Kazakhstan,49.5,73.1
6897,Ag-0,France,45,1.3
6898,An-1,Belgium,51.2167,4.4
6900,Bil-5,Sweden,63.324,18.484
6901,Bil-7,Sweden,63.324,18.484
6903,Bor-4,Czech Republic,49.4013,16.2326
6904,Br-0,Czech Republic,49.2,16.6166
6907,CIBC-17,UK,51.4083,-0.6383
6908,CIBC-5,UK,51.4083,-0.6383
6909,Col-0,US,38.3,-92.3
6911,Cvi-0,Cape Verde,15.1111,-23.6167
6913,Eden-2,Sweden,62.877,18.177
6915,Ei-2,GER,50.3,6.3
6917,Fäb-2,Sweden,63.0165,18.3174
6918,Fäb-4,Sweden,63.0165,18.3174
6919,Ga-0,GER,50.3,8
6920,Got-22,GER,51.5338,9.9355
6922,Gu-0,GER,50.3,8
6923,HR-10,UK,51.4083,-0.6383
6924,HR-5,UK,51.4083,-0.6383
6926,Kin-0,US,44.46,-85.37
6927,KNO-10,US,41.2816,-86.621
6929,Kondara,Tajikistan,38.48,68.49
6931,Kz-9,Kazakhstan,49.5,73.1
6932,Ler-1,GER,47.984,10.8719
6933,LL-0,Spain,41.59,2.49
6938,Ms-0,Russia,55.7522,37.6322
6940,Mz-0,GER,50.3,8.3
6943,NFA-10,UK,51.4083,-0.6383
6944,NFA-8,UK,51.4083,-0.6383
6945,Nok-3,NED,52.24,4.45
6951,Pu2-23,Czech Republic,49.42,16.36
6956,Pu2-7,Czech Republic,49.42,16.36
6957,Pu2-8,Czech Republic,49.42,16.36
6958,Ra-0,France,46,3.3
6959,Rennes-1,France,48.5,-1.41
6960,Rennes-11,France,48.5,-1.41
6961,Se-0,Spain,38.3333,-3.53333
6963,Sorbo,Tajikistan,38.35,68.48
6966,Sq-1,UK,51.4083,-0.6383
6967,Sq-8,UK,51.4083,-0.6383
6968,Tamm-2,Finland,60,23.5
6969,Tamm-27,Finland,60,23.5
6970,Ts-1,Spain,41.7194,2.93056
6971,Ts-5,Spain,41.7194,2.93056
6973,Ull2-3,Sweden,56.0648,13.9707
6974,Ull2-5,Sweden,56.0648,13.9707
6975,Uod-1,Austria,48.3,14.45
6976,Uod-7,Austria,48.3,14.45
6979,Wei-0,SUI,47.25,8.26
6981,Ws-2,Russia,52.3,30
6982,Wt-5,GER,52.3,9.3
6984,Zdr-1,Czech Republic,49.3853,16.2544
6986,Abd-0,UK,57.1539,-2.2207
6987,Ak-1,GER,48.0683,7.62551
6989,Alst-1,UK,54.8,-2.4333
6990,Amel-1,NED,53.448,5.73
6992,Ang-0,Belgium,50.3,5.3
6997,Appt-1,NED,51.8333,5.5833
7000,Aa-0,GER,50.9167,9.57073
7002,Baa-1,NED,51.3333,6.1
7003,Bs-1,SUI,47.5,7.5
7008,Benk-1,NED,52,5.675
7013,Bd-0,GER,52.4584,13.287
7014,Ba-1,UK,56.5459,-4.79821
7025,Bl-1,Italy,44.5041,11.3396
7026,Boot-1,UK,54.4,-3.2667
7028,Bch-1,GER,49.5166,9.3166
7031,Bsch-0,GER,50.0167,8.6667
7033,Buckhorn Pass,US,41.3599,-122.755
7036,Bu-0,GER,50.5,9.5
7058,Bur-0,Ireland,54.1,-6.2
7061,Cal-0,UK,53.2699,-1.64293
7062,Ca-0,GER,50.2981,8.26607
7063,Can-0,Spain,29.2144,-13.4811
7064,Cnt-1,UK,51.3,1.1
7067,Ct-1,Italy,37.3,15
7068,Cerv-1,Italy,42,12.1
7071,Chat-1,France,48.0717,1.33867
7072,Chi-0,Russia,53.7502,34.7361
7077,Co-1,POR,40.12,-8.25
7081,Co,POR,40.2077,-8.42639
7092,Com-1,France,49.416,2.823
7094,Da-0,GER,49.8724,8.65081
7096,Di-G,France,47.3239,5.04278
7102,Do-0,GER,50.7224,8.2372
7103,Dra-0,Czech Republic,49.4167,16.2667
7106,Dr-0,GER,51.051,13.7336
7107,Durh-1,UK,54.7761,-1.5733
7109,Ema-1,UK,51.3,0.5
7111,Edi-0,UK,55.9494,-3.16028
7117,El-0,GER,51.5105,9.68253
7119,En-2,GER,50,8.5
7120,En-D,GER,50,8.5
7125,Er-0,GER,49.5955,11.0087
7126,Es-0,Finland,60.1997,24.5682
7127,Est,Estonia,58.6656,24.9871
7130,Et-0,France,44.6447,2.56481
7133,Fr-2,GER,50.1102,8.6822
7138,Fi-0,GER,50.5,8.0167
7143,Gel-1,NED,51.0167,5.86667
7147,Gie-0,GER,50.584,8.67825
7158,Gr-5,Austria,47,15.5
7160,Gre-0,US,43.178,-85.2532
7161,Gd-1,GER,53.5,10.5
7162,Hs-0,GER,52.24,9.44
7163,Ha-0,GER,52.3721,9.73569
7164,Hau-0,DEN,55.675,12.5686
7165,Hn-0,GER,51.3472,8.28844
7169,Hh-0,GER,54.4175,9.88682
7177,Jm-0,Czech Republic,49,15
7181,Je-0,GER,50.927,11.587
7183,Kas-1,India,35,77
7186,Kn-0,Lithuania,54.8969,23.8924
7192,Kil-0,UK,55.6395,-5.66364
7199,Kl-5,GER,50.95,6.9666
7202,Kb-0,GER,50.1797,8.50861
7203,Krot-0,GER,49.631,11.5722
7207,Kyoto,Japan,35.0085,135.752
7208,Lan-0,UK,55.6739,-3.78181
7209,La-0,Poland,52.7333,15.2333
7213,Ler-0,GER,47.984,10.8719
7217,Lm-2,France,48,0.5
7218,Le-0,NED,52.1611,4.49015
7223,Li-2:1,GER,50.3833,8.0666
7231,Li-7,GER,50.3833,8.0666
7236,Litva,Lithuania,,
7244,Mnz-0,GER,50.001,8.26664
7248,Mv-0,US,41.3923,-70.6652
7250,Me-0,GER,51.9183,10.1138
7255,Mh-0,Poland,50.95,20.5
7258,Nw-0,GER,50.5,8.5
7268,Np-0,GER,52.6969,10.981
7273,No-0,GER,51.0581,13.2995
7276,Ob-0,GER,50.2,8.5833
7280,Old-1,GER,53.1667,8.2
7282,Or-0,GER,50.3827,8.01161
7287,Ove-0,GER,53.3422,8.42255
7288,Oy-0,Norway,60.385543,6.193019
7296,Petergof,Russia,59,29
7298,Pi-0,Austria,47.04,10.51
7305,Pt-0,GER,53.476,10.6065
7306,Pog-0,Canada,49.2655,-123.206
7307,Pn-0,France,48.0653,-2.96591
7314,Ragl-1,UK,54.3512,-3.41697
7316,Rhen-1,NED,51.9667,5.56667
7319,Rome-1,Italy,42,12.1
7320,Rou-0,France,49.4424,1.09849
7322,Rsch-4,Russia,56.3,34
7323,Rubezhnoe-1,Ukraine,49,38.28
7327,Sf-1,Spain,41.7833,3.03333
7328,Sf-2,Spain,41.7833,3.03333
7332,Seattle-0,US,47,-122.2
7333,Sei-0,Italy,46.5438,11.5614
7337,Si-0,GER,50.8738,8.02341
7342,Su-0,UK,53.6473,-3.00733
7343,Sp-0,GER,52.5339,13.181
7344,Sg-1,GER,47.6667,9.5
7346,Sten-0,GER,52.6058,11.8558
7347,Stw-0,Russia,52,36
7349,Ta-0,Czech Republic,49.5,14.5
7350,Tac-0,US,47.2413,-122.459
7353,Tha-1,NED,52.08,4.3
7354,Ting-1,Sweden,56.5,14.9
7356,Tol-0,US,41.6639,-83.5553
7358,Tol-2,US,41.6639,-83.5553
7359,Tol-3,US,41.6639,-83.5553
7372,Tscha-1,Austria,47.0748,9.9042
7373,Tsu-0,Japan,34.43,136.31
7377,Tul-0,US,43.2708,-85.2563
7378,Uk-1,GER,48.0333,7.7667
7382,Utrecht,NED,52.0918,5.1145
7383,Van-0,Canada,49.2655,-123.206
7384,Ven-1,NED,52.0333,5.55
7387,Vind-1,UK,54.9902,-2.3671
7394,Wa-1,Poland,52.3,21
7396,Ws-0.2,Russia,52.3,30
7404,Wc-1,GER,52.6,10.0667
7411,Wl-0,GER,47.9299,10.8134
7413,Wil-2,Lithuania,54.6833,25.3167
7415,Wu-0,GER,49.7878,9.9361
7416,Yo-0,US,37.45,-119.35
7417,Zu-0,SUI,47.3667,8.55
7418,Zu-1,SUI,47.3667,8.55
7419,Db-1,GER,50.3058,8.32213
7424,Jl-3,Czech Republic,49.2,16.6166
7427,Ko-2,DEN,,
7430,Nc-1,France,48.6167,6.25
7460,Da(1)-12,Czech Republic,,
7461,H55,Czech Republic,49,15
7471,RLD-1,UNK,,
7475,KEN,US,41.767,-72.677
7477,WAR,US,41.7302,-71.2825
7514,RRS-7,US,41.5609,-86.4251
7515,RRS-10,US,41.5609,-86.4251
7516,Vår2-1,Sweden,55.58,14.334
7517,Vår2-6,Sweden,55.58,14.334
7520,Lp2-2,Czech Republic,49.38,16.81
7521,Lp2-6,Czech Republic,49.38,16.81
7523,Pna-17,US,42.0945,-86.3253
7525,Rmx-A180,US,42.036,-86.511
7529,627RMX-1MN4,US,42.0333,-86.5128
7530,627RMX-1MN5,US,42.0333,-86.5128
7566,627ME-13Y1,US,42.093,-86.359
7568,627ME-1MI1,US,42.093,-86.359
7717,KNO1.37,US,41.273,-86.625
7757,KNO2.41,US,41.273,-86.625
7767,KNO2.54,US,41.273,-86.625
7917,PNA3.10,US,42.0945,-86.3253
7947,PNA3.40,US,42.0945,-86.3253
8037,PT1.52,US,41.3423,-86.7368
8057,PT1.85,US,41.3423,-86.7368
8077,PT2.21,US,41.3423,-86.7368
8132,RMX3.22,US,42.036,-86.511
8171,RMX4.118,US,42.036,-86.511
8214,Gy-0,France,49,2
8222,Lis-2,Sweden,56.0328,14.775
8227,THÖ 03,Sweden,62.7989,17.9103
8230,Algutsrum,Sweden,56.68,16.5
8231,Brö1-6,Sweden,56.3,16
8233,Dem-4,US,41.1876,-87.1923
8234,Gul1-2,Sweden,56.4606,15.8127
8235,Hod,Czech Republic,48.8,17.1
8236,HSm,Czech Republic,49.33,15.76
8237,Kävlinge-1,Sweden,55.8,13.1
8238,Kent,UK,51.15,0.4
8239,PHW-3,GER,51,7
8240,Kulturen-1,Sweden,55.705,13.196
8241,Liarum,Sweden,55.9473,13.821
8242,Lillö-1,Sweden,56.1494,15.7884
8243,PHW-2,Italy,43.7703,11.2547
8244,PHW-34,France,48.6103,2.3086
8246,NC-6,US,35,-79.18
8247,San-2,Sweden,56.07,13.74
8249,Vimmerby,Sweden,57.7,15.8
8256,Bå1-2,Sweden,56.4,12.9
8258,Bå4-1,Sweden,56.4,12.9
8259,Bå5-1,Sweden,56.4,12.9
8264,Bla-1,Spain,41.6833,2.8
8283,Dra3-1,Sweden,55.76,14.12
8284,DraII-1,Czech Republic,49.4112,16.2815
8285,DraIII-1,Czech Republic,49.4112,16.2815
8290,En-1,GER,50,8.5
8297,Ge-0,SUI,46.5,6.08
8306,Hov4-1,Sweden,56.1,13.74
8307,Hovdala-6,Sweden,56.1,13.74
8311,In-0,Austria,47.5,11.5
8312,Is-0,GER,50.5,7.5
8326,Lis-1,Sweden,56.0328,14.775
8334,Lu-1,Sweden,55.71,13.2
8335,Lund,Sweden,55.71,13.2
8337,Mir-0,Italy,44,12.37
8343,Na-1,France,47.5,1.5
8351,Ost-0,Sweden,60.25,18.37
8354,Per-1,Russia,58,56.3167
8357,Pla-0,Spain,41.5,2.25
8365,Rak-2,Czech Republic,49,16
8366,Rd-0,GER,50.5,8.5
8369,Rev-1,Sweden,55.6942,13.4504
8376,Sanna-2,Sweden,62.69,18
8386,Sr:5,Sweden,58.9,11.2
8387,St-0,Sweden,59,18
8419,Wil-1,Lithuania,54.6833,25.3167
8420,Kelsterbach-4,GER,50.0667,8.5333
8422,Fjä1-1,Sweden,56.06,14.29
8424,Kas-2,India,35,77
8426,Ull1-1,Sweden,56.06,13.97
8427,Ull2-13,Sweden,56.0648,13.9707
8464,LP3413.31,US,41.6862,-86.8513
8483,LP3413.53,US,41.6862,-86.8513
8699,328PNA062,US,42.0945,-86.3253
8723,11PNA1.14,US,42.0945,-86.3253
9027,RMX413.85,US,42.036,-86.511
9057,Vinslöv,Sweden,56.1,13.9167
9058,Västervik,Sweden,57.75,16.6333
9067,Xan-3,Azerbaijan,38.6536,48.7992
9069,Xan-5,Azerbaijan,38.6536,48.7992
9070,Xan-6,Azerbaijan,38.6536,48.7992
9075,Lerik1-4,Azerbaijan,38.7406,48.6131
9078,Lerik1-7,Azerbaijan,38.7406,48.6131
9079,Lerik2-1,Azerbaijan,38.7833,48.5517
9081,Lerik2-3,Azerbaijan,38.7833,48.5517
9084,Lerik2-6,Azerbaijan,38.7833,48.5517
9085,Lerik2-7,Azerbaijan,38.7833,48.5517
9089,Nar-3,Azerbaijan,38.9522,48.925
9091,Nar-5,Azerbaijan,38.9522,48.925
9095,Istisu-5,Azerbaijan,38.9786,48.5594
9099,Istisu-9,Azerbaijan,38.9786,48.5594
9100,Lag1-2,Georgia,41.8296,46.2831
9102,Lag1-4,Georgia,41.8296,46.2831
9103,Lag1-5,Georgia,41.8296,46.2831
9104,Lag1-6,Georgia,41.8296,46.2831
9105,Lag1-7,Georgia,41.8296,46.2831
9106,Lag1-8,Georgia,41.8296,46.2831
9111,Lag2-4,Georgia,41.8296,46.2831
9113,Lag2-6,Georgia,41.8296,46.2831
9114,Lag2-7,Georgia,41.8296,46.2831
9115,Lag2-10,Georgia,41.8296,46.2831
9121,Bak-5,Georgia,41.7942,43.4767
9125,Geg-14,Armenia,40.1408,44.8203
9128,Yeg-2,Armenia,39.8692,45.3622
9130,Yeg-4,Armenia,39.8692,45.3622
9131,Yeg-5,Armenia,39.8692,45.3622
9133,Yeg-7,Armenia,39.8692,45.3622
9134,Yeg-8,Armenia,39.8692,45.3622
9298,Edi-1,UK,55.9681,-3.21833
9312,Ullapool-8,UK,57.9,-5.1525
9314,Gol-2,UK,57.9672,-3.96722
9321,Ådal 1,Sweden,62.8622,18.336
9323,Ådal 3,Sweden,62.8622,18.336
9332,Bar 1,Sweden,62.8698,18.381
9336,Bön 1,Sweden,62.8794,18.4473
9339,Böt 1,Sweden,57.7133,15.0689
9343,Dju-1,Sweden,57.3089,18.1512
9352,Död 2,Sweden,57.2608,16.3675
9353,Död 3,Sweden,57.2608,16.3675
9363,EdJ 2,Sweden,62.9147,18.4045
9369,EkS 2,Sweden,57.6781,14.9986
9370,EkS 3,Sweden,57.6781,14.9986
9371,FäL 1,Sweden,63.016,18.3175
9380,FlyA 3,Sweden,55.7488,13.3742
9381,Fri 1,Sweden,55.8106,14.2091
9382,Fri 2,Sweden,55.8106,14.2091
9383,Fri 3,Sweden,55.8106,14.2091
9386,Grön 12,Sweden,62.806,18.1896
9388,Grön 14,Sweden,62.806,18.1896
9390,Hadd-1,Sweden,57.3263,15.8979
9391,Hadd-2,Sweden,57.3263,15.8979
9392,Hadd-3,Sweden,57.3263,15.8979
9394,Hag-2,Sweden,56.5804,16.4063
9395,Hal-1,Sweden,57.5089,15.0105
9399,Hamm-1,Sweden,55.4234,13.9905
9402,Hel-3,Sweden,57.8765,14.8549
9404,HolA-1 1,Sweden,55.7491,13.399
9405,HolA-1 2,Sweden,55.7491,13.399
9407,HolA-2 2,Sweden,55.7491,13.399
9408,Kal 1,Sweden,56.047,13.9519
9409,Kia 1,Sweden,56.0573,14.302
9412,Kor 3,Sweden,57.2746,16.1494
9413,Kor 4,Sweden,57.2746,16.1494
9416,Kru-3,Sweden,57.7215,18.3837
9421,Lan 1,Sweden,55.9745,14.3997
9427,Näs 2,Sweden,62.8815,18.4055
9433,Nyl 13,Sweden,62.9513,18.2763
9436,Puk-1,Sweden,56.1633,14.6806
9437,Puk-2,Sweden,56.1633,14.6806
9442,Sim-1,Sweden,55.5678,14.3398
9450,Spro 1,Sweden,57.2545,18.2109
9451,Spro 2,Sweden,57.2545,18.2109
9452,Spro 3,Sweden,57.2545,18.2109
9453,Stenk-2,Sweden,57.8009,18.5162
9454,Stenk-3,Sweden,57.8009,18.5162
9455,Stenk-4,Sweden,57.8009,18.5162
9470,Tur-4,Sweden,57.6511,14.8043
9471,Ull-A-1,Sweden,56.0648,13.9707
9476,VårA 1,Sweden,55.5796,14.3336
9481,Yst-1,Sweden,55.4242,13.8484
9503,11C1,UK,55.8877,-3.21072
9506,IP-Alo-0,POR,40.11,-7.47
9507,IP-Coa-0,POR,38.45,-7.5
9508,IP-Mos-1,POR,40.04,-7.11
9509,IP-Reg-0,POR,39.29,-7.4
9510,IP-Rei-0,POR,38.75,-7.59
9511,IP-Vav-0,POR,38.53,-8.02
9512,IP-Vid-1,POR,38.22,-7.84
9513,IP-Adc-5,Spain,38.77,-4.07
9514,IP-Adm-0,Spain,39.15,-4.54
9515,IP-Ala-0,Spain,39.72,-6.89
9517,IP-All-0,Spain,42.19,-7.8
9518,IP-Alm-0,Spain,39.88,-0.36
9519,IP-Ang-0,Spain,41.94,2.64
9520,IP-Ara-4,Spain,41.7,-3.68
9521,IP-Bar-1,Spain,41.43,2.13
9522,IP-Bea-0,Spain,36.52,-5.27
9523,IP-Ben-0,Spain,38.37,-2.66
9524,IP-Ber-0,Spain,42.52,-0.56
9525,IP-Bis-0,Spain,42.49,0.54
9526,IP-Cab-3,Spain,41.54,2.39
9527,IP-Cad-0,Spain,40.37,-5.74
9528,IP-Cal-0,Spain,40.94,-1.37
9529,IP-Cap-1,Spain,36.97,-3.36
9530,IP-Car-1,Spain,38.25,-4.32
9531,IP-Cdc-3,Spain,41.21,-4.54
9532,IP-Cdo-0,Spain,42.23,-4.64
9533,IP-Cem-0,Spain,41.15,-4.32
9534,IP-Cmo-3,Spain,40.05,-4.65
9535,IP-Coc-1,Spain,42.31,3.19
9536,IP-Cor-0,Spain,40.83,-2
9537,IP-Cum-1,Spain,38.07,-6.66
9539,IP-Deh-1,Spain,40.29,-6.67
9540,IP-Elb-0,Spain,41.81,2.34
9541,IP-Fue-2,Spain,38.26,-5.42
9542,IP-Fun-0,Spain,40.79,-4.05
9543,IP-Gra-0,Spain,36.77,-5.39
9544,IP-Gua-1,Spain,39.4,-5.33
9545,IP-Her-12,Spain,39.4,-5.78
9546,IP-Hom-4,Spain,40.82,-1.68
9547,IP-Hor-0,Spain,41.67,2.62
9548,IP-Hoy-0,Spain,40.4,-5
9549,IP-Hum-2,Spain,42.23,-3.69
9550,IP-Iso-4,Spain,43.05,-5.37
9551,IP-Jim-1,Spain,42.28,-5.92
9552,IP-Lab-7,Spain,40.87,-4.5
9553,IP-Ldd-0,Spain,41.58,-4.71
9554,IP-Lso-0,Spain,38.86,-3.16
9555,IP-Mar-1,Spain,39.58,-3.93
9556,IP-Men-2,Spain,39.66,-4.34
9557,IP-Moa-0,Spain,42.46,0.7
9558,IP-Moc-11,Spain,41.57,-5.64
9559,IP-Mon-5,Spain,38.06,-4.38
9560,IP-Mot-0,Spain,38.19,-6.24
9561,IP-Mun-0,Spain,40.71,-5.04
9562,IP-Mur-0,Spain,41.67,2
9564,IP-Nog-17,Spain,40.45,-1.6
9565,IP-Orb-10,Spain,42.97,-1.23
9567,IP-Pal-0,Spain,42.34,1.3
9568,IP-Pan-0,Spain,42.76,-0.23
9569,IP-Pds-1,Spain,42.87,-6.45
9571,IP-Pro-0,Spain,43.28,-6.01
9573,IP-Rds-0,Spain,41.86,2.99
9574,IP-Rel-0,Spain,38.6,-2.7
9576,IP-Rev-0,Spain,40.86,-4.11
9577,IP-Ria-0,Spain,42.34,2.17
9578,IP-Sac-0,Spain,42.13,-6.7
9579,IP-San-10,Spain,38.33,-3.51
9581,IP-Sdv-3,Spain,42.84,-5.12
9582,IP-Ses-0,Spain,41.48,-1.63
9583,IP-Sne-0,Spain,37.09,-3.38
9584,IP-Stp-0,Spain,41.19,-3.58
9585,IP-Svi-0,Spain,43.4,-7.39
9586,IP-Tam-0,Spain,41.03,-3.27
9587,IP-Tdc-0,Spain,41.5,-1.88
9588,IP-Tol-7,Spain,42.11,0.6
9589,IP-Tor-1,Spain,41.6,-2.83
9590,IP-Trs-0,Spain,43.37,-5.49
9591,IP-Vad-0,Spain,42.86,-3.59
9592,IP-Vae-2,Spain,42.1,-5.44
9593,IP-Vaz-0,Spain,42.26,-2.99
9594,IP-Vdm-0,Spain,42.04,1.01
9595,IP-Vdt-0,Spain,40.89,-5.5
9596,IP-Ver-5,Spain,41.95,-7.45
9597,IP-Vig-1,Spain,42.31,-2.53
9598,IP-Vim-0,Spain,41.88,-6.51
9599,IP-Vin-0,Spain,42.8,-5.77
9600,IP-Vis-0,Spain,39.85,-6.04
9601,IP-Voz-0,Spain,41.85,-1.88
9602,IP-Vpa-1,Spain,40.5,-3.96
9606,Aitba-1,Morocco,31.48,-7.45
9607,Panik-1,Russia,53.05,52.15
9608,Karag-2,Russia,51.37,59.44
9609,Adam-1,Russia,51.41,59.98
9610,Lesno-4,Russia,53.04,51.96
9611,Lesno-1,Russia,53.04,51.9
9612,Lesno-2,Russia,53.04,51.94
9613,Balan-1,Russia,55.36,61.41
9615,Parti-1,Russia,52.99,52.16
9616,Krazo-1,Russia,53.06,51.96
9617,Karag-1,Russia,51.37,59.44
9619,Basta-1,Russia,51.84,79.48
9620,Basta-2,Russia,51.82,79.48
9621,Basta-3,Russia,51.84,79.46
9622,Bijisk-4,Russia,52.52,85.27
9624,Chaba-2,Russia,53.6,79.37
9625,Kolyv-2,Russia,51.31,82.59
9626,Kolyv-3,Russia,51.36,82.59
9627,Kolyv-5,Russia,51.32,82.55
9628,Kolyv-6,Russia,51.33,82.54
9629,K-oze-1,Russia,51.35,82.18
9630,K-oze-3,Russia,51.34,82.16
9631,Lebja-1,Russia,51.65,80.79
9632,Lebja-2,Russia,51.67,80.82
9633,Lebja-4,Russia,51.63,80.83
9634,Masl-1,Russia,54.13,81.31
9635,Nosov-1,Russia,51.87,80.6
9636,Noveg-1,Russia,51.75,80.82
9637,Noveg-2,Russia,51.77,80.85
9638,Noveg-3,Russia,51.73,80.86
9639,Panke-1,Russia,53.82,80.31
9640,Rakit-1,Russia,51.87,80.06
9641,Rakit-2,Russia,51.9,80.06
9642,Rakit-3,Russia,51.84,80.06
9643,Sever-1,Russia,52.1,79.31
9644,Zupan-1,CRO,45.07,18.72
9645,Gradi-1,CRO,45.17,18.7
9646,Aiell-1,Italy,39.126899,16.170188
9647,Basen-1,Italy,40.37,16.77
9648,Bisig-1,Italy,39.48,16.28
9649,Bivio-1,Italy,39.13,16.17
9651,Filet-1,Italy,40.68,14.87
9653,Giffo-1,Italy,38.44,16.13
9655,Marce-1,Italy,38.92,16.47
9656,Marti-1,Italy,40.64,17.31
9657,Melic-1,Italy,38.45,16.04
9658,Nicas-1,Italy,38.97,16.34
9659,Pigna-1,Italy,41.18,14.18
9660,Sarno-1,Italy,40.84,14.57
9661,Cimin-1,Italy,39.58,16.21
9663,Teano-1,Italy,41.33,14.09
9664,Mitterberg-1-179,Italy,46.36,11.28
9665,Mitterberg-1-180,Italy,46.36,11.28
9666,Mitterberg-1-182,Italy,46.36,11.28
9667,Mitterberg-1-183,Italy,46.36,11.28
9668,Mitterberg-2-184,Italy,46.37,11.28
9669,Mitterberg-2-185,Italy,46.37,11.28
9670,Mitterberg-2-186,Italy,46.37,11.28
9671,Mitterberg-3-187,Italy,46.37,11.28
9672,Mitterberg-3-188,Italy,46.37,11.28
9673,Mitterberg-3-189,Italy,46.37,11.28
9676,Mitterberg-4-192,Italy,46.37,11.29
9677,Mitterberg-4-193,Italy,46.37,11.29
9678,Mitterberg-4-194,Italy,46.37,11.29
9679,Castelfed-1-195,Italy,46.34,11.29
9680,Castelfed-1-196,Italy,46.34,11.29
9681,Castelfed-1-197,Italy,46.34,11.29
9682,Castelfed-1-198,Italy,46.34,11.29
9683,Castelfed-1-199,Italy,46.34,11.29
9684,Castelfed-2-200,Italy,46.34,11.29
9685,Castelfed-2-201,Italy,46.34,11.29
9686,Castelfed-2-202,Italy,46.34,11.29
9687,Castelfed-2-203,Italy,46.34,11.29
9689,Castelfed-3-205,Italy,46.34,11.29
9690,Castelfed-3-206,Italy,46.34,11.29
9691,Castelfed-3-207,Italy,46.34,11.29
9692,Castelfed-3-208,Italy,46.34,11.29
9693,Castelfed-3-209,Italy,46.34,11.29
9694,Castelfed-4-210,Italy,46.34,11.29
9695,Castelfed-4-211,Italy,46.34,11.29
9696,Castelfed-4-214,Italy,46.34,11.29
9697,Dolen-1,BUL,41.62,23.94
9698,Goced-1,BUL,41.57,23.85
9699,Kolar-1,BUL,41.37,23.14
9700,Dolna-1-10,BUL,42.32,23.1
9701,Ivano-1,BUL,43.7,25.91
9703,Melni-1,BUL,41.53,23.39
9704,Melni-2,BUL,41.53,23.39
9705,Choto-1,BUL,41.5,23.33
9706,Dospa-1,BUL,41.64,24.18
9707,Podvi-1,BUL,41.57,24.84
9708,Kardz-1,BUL,41.62,25.35
9709,Zerev-1-34,BUL,41.85,23.13
9710,Zerev-1-35,BUL,41.85,23.13
9711,Dolna-1-39,BUL,42.32,23.1
9712,Dolna-1-40,BUL,42.32,23.1
9713,Stara-1,BUL,42.49,25.61
9714,Grivo-1,BUL,41.84,25.75
9716,Leska-1-44,BUL,41.54,24.98
9717,Kardz-2,BUL,41.66,25.47
9718,Smolj-1,BUL,41.55,24.75
9719,Koren-1,BUL,41.83,25.69
9720,Malak-1,BUL,41.77,25.68
9721,Schip-1,BUL,42.72,25.33
9722,Groch-1,BUL,41.71,24.41
9723,Slavi-2,BUL,41.42,23.67
9725,Epidauros-1,Greece,37.6,23.08
9726,Faneronemi-3,Greece,37.07,22.04
9727,Olympia-2,Greece,37.63,21.62
9728,Stiav-1,Slovakia,48.46,18.9
9729,Stiav-2,Slovakia,48.46,18.9
9730,Bela-1,Slovakia,48.47,18.94
9731,Stiav-3,Slovakia,48.46,18.9
9732,Halca-1,Slovakia,48.47,18.96
9733,Bela-2,Slovakia,48.47,18.94
9735,Bela-4,Slovakia,48.47,18.94
9736,Teiu-2,Romania,44.69,25.17
9737,Ulies-1,Romania,45.95,22.62
9738,Bran-1,Romania,45.57,25.42
9739,Toc-1,Romania,46.01,22.33
9741,Orast-1,Romania,45.84,23.16
9743,Furni-1,Romania,45.14,25
9744,Iasi-1,Romania,47.16,27.59
9745,Sij 1/96,Uzbekistan,41.45,70.05
9747,Zabar-1,Serbia,44.38,21.22
9748,Zagub-1,Serbia,44.23,21.71
9749,Knjas-1,Serbia,43.54,22.29
9754,Sredn-1,Serbia,44.66,21.37
9755,Vajug-1,Serbia,44.56,22.56
9756,Staro-2,Serbia,44.3,21.08
9757,Staro-1,Serbia,44.3,21.08
9758,Altai-5,China,47.75,88.4
9759,Anz-0,Iran,37.47,49.47
9761,Bik-1,Lebanon,33.92,35.7
9762,Etna-2,Italy,37.69,14.98
9764,Qar-8a,Lebanon,34.1,35.84
9766,Westkar-4,Kyrgyzstan,42.26,74.16
9768,Rü4-16,GER,48.57,9.16
9769,HE-1,GER,48.55,8.99
9770,KBG2-13,GER,48.53,9.01
9771,Pfn-N2.2-6,GER,48.56,9.11
9772,Höf-1,GER,48.41,8.85
9774,Alt-1,GER,48.59,9.22
9775,Berg-1,GER,48.41,8.79
9776,Fell3-7,GER,48.43,8.79
9777,Gn-1,GER,48.57,9.17
9778,Bach-7,GER,48.41,8.84
9779,Bai-10,GER,48.5,8.78
9780,Fell2-4,GER,48.43,8.79
9781,Kus2-2,GER,48.52,9.11
9782,Lu3-30,GER,48.53,9.09
9783,Tü-PK-7,GER,48.52,9.05
9784,Erg2-6,GER,48.5,8.8
9785,Ha-HBT1-2,GER,48.54,9.02
9786,Ha-P-13,GER,48.54,9.01
9787,HI-4,GER,48.5,9
9788,KBG1-14,GER,48.53,9.01
9789,Obh-13,GER,48.39,8.96
9790,Gn2-3,GER,48.58,9.18
9791,Haes-1,GER,48.6,9.2
9792,Lu4-2,GER,48.54,9.09
9793,Rü-N2,GER,48.57,9.16
9794,Tü-B1-2,GER,48.52,9.08
9795,Wank-2,GER,48.5,9.11
9796,Bach2-1,GER,48.41,8.84
9797,Ha-HBT2-10,GER,48.54,9.02
9798,Ha-P2-1,GER,48.54,9.01
9799,Hart-2,GER,48.39,8.85
9800,Ha-S-B,GER,48.54,9.01
9801,Ha-SP-2,GER,48.54,9.01
9802,Kus3-1,GER,48.51,9.11
9803,Müh-2,GER,48.42,8.76
9804,Obe1-15,GER,48.45,8.87
9805,Pfn-10,GER,48.54,9.09
9806,Rü-2,GER,48.56,9.16
9807,Schl-7,GER,48.6,9.22
9808,Tü-B2-3,GER,48.52,9.08
9809,Tü-KB-6,GER,48.52,9.05
9810,Tü-KS-7,GER,48.53,9.07
9811,Tü-NK-12,GER,48.52,9.05
9812,Tü-W1,GER,48.52,9.03
9813,BI-4,GER,48.4,8.77
9814,Fell1-10,GER,48.42,8.79
9815,Ha-HBT3-11,GER,48.54,9.02
9816,Tü-WH,GER,48.55,9.06
9817,Ace-0,Spain,39.84,-6.6
9819,Amu-0,Spain,42.35,-3.03
9820,Are-0,Spain,41,-4.71
9821,Aru-0,Spain,41.81,2.49
9822,Aul-0,Spain,40.52,-4.02
9823,Bae-0,Spain,43.34,-5.84
9824,Bes-5,Spain,42.91,-4.91
9825,Boa-0,Spain,40.4,-3.88
9826,Bor-0,Spain,42.49,-6.71
9827,Bos-0,Spain,42.78,0.69
9828,Bra-0,Spain,42.5,-6.15
9830,IP-Bus-0,Spain,36.97,-3.28
9831,Cas-0,Spain,38.54,-3.39
9832,Cat-0,Spain,40.54,-3.69
9833,IP-Cha-0,Spain,40.38,-4.21
9834,Cho-0,Spain,40.51,-3.9
9835,Cir-0,Spain,40.61,-6.57
9836,Cod-0,Spain,41.25,-1.32
9837,Con-0,Spain,37.94,-5.6
9838,Cot-0,Spain,41.83,-5.38
9839,Coy-0,Spain,40.44,-4.27
9840,Dar-0,Spain,41.13,-1.43
9841,Ees-0,Spain,40.59,-4.15
9843,Elp-0,Spain,40.53,-3.92
9844,Esn-2,Spain,42.27,0.19
9845,Evs-0,Spain,40.48,-3.96
9846,Ezc-2,Spain,42.31,-3.02
9847,Fel-2,Spain,43.31,-5.7
9848,Glo-1,Spain,40.11,-5.77
9849,Gud-3,Spain,40.65,-4.11
9850,Hec-0,Spain,42.86,-0.7
9851,Hue-3,Spain,42.96,-6.1
9852,Ini-0,Spain,40.46,-3.75
9853,Lac-0,Spain,43.33,-5.91
9854,Laf-1,Spain,43.36,-5.88
9855,Lam-0,Spain,40.57,-3.89
9856,Lch-0,Spain,40.51,-4
9857,Leg-0,Spain,40.33,-3.8
9858,Loz-0,Spain,40.98,-3.8
9859,Lro-0,Spain,40.5,-3.88
9860,Lum-0,Spain,42.24,-2.62
9861,Mac-0,Spain,40.72,-3.21
9862,Mad-0,Spain,40.45,-3.67
9864,Mat-0,Spain,41.76,2.69
9866,Mdd-0,Spain,41.89,-2.79
9867,Mie-1,Spain,40.94,-3.22
9868,Moe-0,Spain,41.78,2.37
9869,Moj-0,Spain,36.76,-5.28
9870,Moz-0,Spain,41.91,0.17
9871,Nac-0,Spain,40.75,-3.99
9873,Ndc-0,Spain,37.94,-5.45
9874,Oja-0,Spain,42.34,-3
9875,Ovi-1,Spain,43.38,-5.87
9876,Pad-0,Spain,41.34,0.99
9877,Pdl-0,Spain,43.02,-5.6
9878,Pee-0,Spain,40.78,-3.62
9879,Per-0,Spain,37.6,-1.12
9880,Pib-1,Spain,42.72,-3.44
9881,Pie-0,Spain,40.46,-5.32
9882,Pil-0,Spain,40.46,-4.26
9883,Piq-0,Spain,42.1,-2.56
9885,Prd-0,Spain,41.14,-3.68
9886,Pru-0,Spain,42.38,1.73
9887,Pun-0,Spain,40.4,-4.77
9888,Pva-1,Spain,40.93,-3.31
9890,Rib-1,Spain,43.16,-5.07
9891,Sal-0,Spain,41.93,2.92
9892,Sam-0,Spain,42.68,-6.96
9894,Sen-0,Spain,42.59,0.76
9895,Sfb-6,Spain,41.78,2.57
9897,Smt-1,Spain,40.95,-5.63
9898,Som-0,Spain,41.14,-3.58
9899,Tau-0,Spain,42.54,0.84
9900,Tri-0,Spain,37.38,-6.01
9901,Urd-1,Spain,42.27,-2.98
9902,Usa-0,Spain,40.71,-3.24
9903,Val-0,Spain,42.31,-3.1
9904,Vas-0,Spain,40.95,-3.31
9905,Ven-0,Spain,40.76,-4.01
9906,Mah-6,Spain,40,4.25
9908,ESP-1-11,France,50.72,3.47
9909,GEN-8,France,50.59,3.3
9910,BRI-2,France,50.68,3.52
9911,ARGE-1-15,France,47.16,4.28
9912,CIRY-13,France,46.67,4.55
9914,IST-29,France,47.58,5.33
9915,MAR-4-16,France,47.45,3.94
9917,RAD-21,France,46.69,4.34
9918,SAUL-24,France,47.43,5.21
9920,DIR-9,France,48.54,4.32
9921,FOR-23,France,48.57,4.41
9924,PLY-20,France,48.59,4.24
9925,RUM-20,France,48.91,4.52
9926,TRE-1,France,48.86,4.1
9927,ARR-17,France,44.05,3.69
9928,BEZ-9,France,44.12,3.77
9929,ISS-20,France,43.92,3.71
9930,LEC-25,France,43.91,4.14
9932,NOZ-6,France,44.12,4.33
9933,VED-10,France,43.74,3.89
9935,BAU-15,France,50.6,2.93
9937,CATS-6,France,50.79,2.69
9938,WAV-8,France,50.65,2.99
9939,Aitba-2,Morocco,31.48,-7.45
9941,Fei-0,POR,40.92,-8.54
9942,Agu-1,Spain,41.32,-1.34
9943,Cdm-0,Spain,39.73,-5.74
9944,Don-0,Spain,36.83,-6.36
9945,Leo-1,Spain,41.8,-3.11
9946,Mer-6,Spain,38.92,-6.34
9947,Ped-0,Spain,40.74,-3.9
9948,Pra-6,Spain,41.05,-3.54
9949,Qui-0,Spain,42.69,-6.93
9950,Vie-0,Spain,42.63,0.76
9951,Kly-1,Russia,51.3333,82.5667
9952,Kly-4,Russia,51.32,82.55
9953,Koz-2,Russia,51.33,82.19
9955,Stepn-2,Russia,54.09,60.46
9956,Stepn-1,Russia,54.06,60.48
9957,Borsk-2,Russia,53.04,51.75
9958,Shigu-1,Russia,53.33,49.48
9959,Shigu-2,Russia,53.33,49.48
9960,Kidr-1,Russia,51.31,57.56
9962,Galdo-1,Italy,40.57,15.32
9963,Lago-1,Italy,39.18,16.26
9964,Mammo-1,Italy,38.36,16.23
9965,Mammo-2,Italy,38.38,16.22
9966,Monte-1,Italy,40.28,15.65
9968,Timpo-1,Italy,39.27,16.27
9969,Valsi-1,Italy,40.18,16.45
9970,Altenb-2,Italy,46.37,11.24
9971,Bozen-1.1,Italy,46.51,11.33
9972,Bozen-1.2,Italy,46.51,11.33
9973,Mitterberg-1-181,Italy,46.36,11.28
9974,Castelfed-4-212,Italy,46.34,11.29
9975,Castelfed-4-213,Italy,46.34,11.29
9976,Rovero-1,Italy,46.25,11.17
9978,Vezzano-2.2,Italy,46.63,10.82
9979,Voeran-1,Italy,46.36,11.23
9980,Angel-1,Italy,38.62,16.17
9981,Angit-1,Italy,38.76,16.24
9982,Apost-1,Italy,39.01,16.47
9983,Ciste-1,Italy,41.62,12.87
9984,Ciste-2,Italy,41.62,12.87
9985,Slavi-1,BUL,41.43,23.65
9986,Jablo-1,BUL,41.59,25.2
9987,Lecho-1,BUL,41.43,23.5
9988,Bak-2,Georgia,41.7942,43.4767
9990,Lag2-2,Georgia,41.8296,46.2831
9991,Vash-1,Georgia,41.2381,46.3728
9993,Nemrut-1,Turkey,38.6425,42.2394
9995,HKT2.4,GER,48.14,9.4
9996,Nie1-2,GER,48.52,8.8
9997,Rue3.1-31,GER,48.56,9.16
9998,Star-8,GER,48.43,8.82
9999,TueSB30-3,GER,48.53,9.06
10001,TueV-13,GER,48.52,9.05
10002,TueWal-2,GER,48.53,9.04
10004,Bolin-1,Romania,44.46,25.74
10005,Copac-1,Romania,46.11,21.95
10006,Kastel-1,Ukraine,44.6419,34.3814
10008,Sij-1,Uzbekistan,41.45,70.05
10009,Sij-2,Uzbekistan,41.45,70.05
10010,Sij-4,Uzbekistan,41.45,70.05
10011,Yeg-1,Armenia,39.8692,45.3622
10012,Istisu-1,Azerbaijan,38.9786,48.5594
10013,Lerik1-3,Azerbaijan,38.7406,48.6131
10014,Xan-1,Azerbaijan,38.6536,48.7992
10015,Ara-1,Afghanistan,37.29,71.3
10017,Petro-1,Serbia,44.34,21.46
10018,Dobra-1,Serbia,44.84,20.16
10020,Jl-2,Czech Republic,49.17,16.5
10022,Uk-3,GER,48.0333,7.7667
10023,Strand-1,Norway,68.8,15.45
10027,Uk-6,GER,48.02838,7.765567
14312,Kos-1,Russia,62.02,34.12
14313,Kos-2,Russia,62.02,34.12
14314,Radk-1,Russia,61.59,35.11
14315,Radk-2,Russia,61.59,35.11
14318,Shu-1,Russia,61.94,34.24
14319,Shu-2,Russia,61.94,34.24
15560,Valm,Russia,61.37,61.37
15591,OOE1-1,Austria,48.3315333,14.72665
15592,OOE3-1,Austria,48.3314667,14.7158667
15593,OOE3-2,Austria,48.3314667,14.7158667
18694,Pien,Russia,60.4,32.09
18696,Samm,Russia,61.57,30.63
19949,OOE2-1,Austria,48.3268333,14.7181667
19950,OOE2-2,Austria,48.3268333,14.7181667
19951,OOE23,Austria,48.3268333,14.7181667